{"0": {"tsne1": 2.6504735947, "tsne2": 8.3488388062}, "1": {"tsne1": 6.6298513412, "tsne2": 3.8416249752}, "2": {"tsne1": 3.3954808712, "tsne2": -1.4900269508}, "3": {"tsne1": -0.3610182703, "tsne2": 10.2820177078}, "4": {"tsne1": 15.313123703, "tsne2": -10.7228507996}, "5": {"tsne1": 1.4173109531, "tsne2": 1.9222753048}, "6": {"tsne1": -9.6013994217, "tsne2": 6.1889476776}, "7": {"tsne1": 0.4404073954, "tsne2": 10.3909673691}, "8": {"tsne1": -10.6067819595, "tsne2": 6.0143561363}, "9": {"tsne1": -9.0577545166, "tsne2": 6.6461157799}, "10": {"tsne1": -1.0168517828, "tsne2": 10.4027805328}, "11": {"tsne1": -14.9168233871, "tsne2": 6.9670238495}, "12": {"tsne1": 14.709654808, "tsne2": -19.2298946381}, "13": {"tsne1": -10.4530534744, "tsne2": 6.5329284668}, "14": {"tsne1": 15.2260055542, "tsne2": -15.5607872009}, "15": {"tsne1": 23.5269527435, "tsne2": -10.7264184952}, "16": {"tsne1": 9.1155204773, "tsne2": 7.4490413666}, "17": {"tsne1": -10.7377099991, "tsne2": -0.0239966642}, "18": {"tsne1": -11.2767467499, "tsne2": -0.6201350093}, "19": {"tsne1": 16.5668983459, "tsne2": -18.2726726532}, "20": {"tsne1": -10.968621254, "tsne2": -6.350186348}, "21": {"tsne1": -7.6476607323, "tsne2": 6.423224926}, "22": {"tsne1": -0.7567900419, "tsne2": 1.4287488461}, "23": {"tsne1": 6.753777504, "tsne2": 3.1251223087}, "24": {"tsne1": -10.8209257126, "tsne2": -4.0264201164}, "25": {"tsne1": 15.4834489822, "tsne2": -10.3543243408}, "26": {"tsne1": 2.1195864677, "tsne2": 8.8473052979}, "27": {"tsne1": -0.9573687315, "tsne2": -3.4620163441}, "28": {"tsne1": -11.1019973755, "tsne2": -0.7964958549}, "29": {"tsne1": -1.8090204, "tsne2": 9.3998270035}, "30": {"tsne1": -11.7690973282, "tsne2": 6.4478402138}, "31": {"tsne1": 13.0595903397, "tsne2": -10.3703927994}, "32": {"tsne1": -12.4466018677, "tsne2": 6.9012527466}, "33": {"tsne1": 6.0123510361, "tsne2": -12.5343751907}, "34": {"tsne1": 6.2647390366, "tsne2": -12.1013011932}, "35": {"tsne1": 4.1617364883, "tsne2": 7.6222310066}, "36": {"tsne1": 15.1878299713, "tsne2": -15.9898872375}, "37": {"tsne1": 1.8492354155, "tsne2": 1.0545403957}, "38": {"tsne1": 0.0280131344, "tsne2": -0.4895223677}, "39": {"tsne1": 14.9469709396, "tsne2": -8.2125911713}, "40": {"tsne1": -11.1293525696, "tsne2": 7.0949854851}, "41": {"tsne1": 0.8893658519, "tsne2": 10.7067060471}, "42": {"tsne1": 22.2365837097, "tsne2": -13.6774702072}, "43": {"tsne1": 17.827583313, "tsne2": -14.6017246246}, "44": {"tsne1": -9.7150764465, "tsne2": 7.3535737991}, "45": {"tsne1": 20.7874622345, "tsne2": -9.7051858902}, "46": {"tsne1": -11.6930818558, "tsne2": 7.3335328102}, "47": {"tsne1": 16.1151771545, "tsne2": -7.295771122}, "48": {"tsne1": -16.0374011993, "tsne2": 8.4552326202}, "49": {"tsne1": -15.1640787125, "tsne2": 6.1636662483}, "50": {"tsne1": 22.9101676941, "tsne2": -14.2198028564}, "51": {"tsne1": 2.2048749924, "tsne2": 14.1496124268}, "52": {"tsne1": -11.0645961761, "tsne2": -2.9804456234}, "53": {"tsne1": 16.5096683502, "tsne2": -17.6114597321}, "54": {"tsne1": -13.6218042374, "tsne2": 0.3298596442}, "55": {"tsne1": 13.6788272858, "tsne2": -17.4465198517}, "56": {"tsne1": 6.3201603889, "tsne2": -12.2559833527}, "57": {"tsne1": 15.9077014923, "tsne2": -17.1775741577}, "58": {"tsne1": 1.7130653858, "tsne2": 10.8067893982}, "59": {"tsne1": 23.002199173, "tsne2": -11.1003398895}, "60": {"tsne1": 16.4944381714, "tsne2": -6.4725222588}, "61": {"tsne1": 14.2216567993, "tsne2": -10.021894455}, "62": {"tsne1": 5.6335716248, "tsne2": -16.9183540344}, "63": {"tsne1": 5.6359615326, "tsne2": -16.9140644073}, "64": {"tsne1": 4.7421317101, "tsne2": 8.0140171051}, "65": {"tsne1": 17.6224327087, "tsne2": -15.388756752}, "66": {"tsne1": 3.4464321136, "tsne2": -1.0200103521}, "67": {"tsne1": -11.8912162781, "tsne2": -1.6305037737}, "68": {"tsne1": 17.1652202606, "tsne2": -5.8393526077}, "69": {"tsne1": -7.0504536629, "tsne2": 6.9784917831}, "70": {"tsne1": -15.8385877609, "tsne2": 7.1672635078}, "71": {"tsne1": 21.848531723, "tsne2": -15.3095731735}, "72": {"tsne1": 16.0468921661, "tsne2": -7.8374300003}, "73": {"tsne1": 2.1444165707, "tsne2": 14.5044727325}, "74": {"tsne1": 15.4057703018, "tsne2": -11.3370809555}, "75": {"tsne1": -1.4678454399, "tsne2": -1.7541209459}, "76": {"tsne1": -16.0111255646, "tsne2": 7.2044014931}, "77": {"tsne1": -7.7455658913, "tsne2": 8.9496564865}, "78": {"tsne1": -10.3923807144, "tsne2": 8.2810153961}, "79": {"tsne1": -10.444899559, "tsne2": -2.0669741631}, "80": {"tsne1": -12.234954834, "tsne2": 8.2467832565}, "81": {"tsne1": 8.9465656281, "tsne2": -17.2671966553}, "82": {"tsne1": 0.3691301048, "tsne2": -0.3092435896}, "83": {"tsne1": 0.2304548621, "tsne2": 1.7057136297}, "84": {"tsne1": 16.0379009247, "tsne2": -9.8779191971}, "85": {"tsne1": 24.2983417511, "tsne2": -8.2945156097}, "86": {"tsne1": -12.8449897766, "tsne2": 8.5119543076}, "87": {"tsne1": 22.0492172241, "tsne2": -14.28175354}, "88": {"tsne1": 16.624124527, "tsne2": -15.4646081924}, "89": {"tsne1": 2.8815627098, "tsne2": 8.7472963333}, "90": {"tsne1": -4.0281386375, "tsne2": 10.7172899246}, "91": {"tsne1": 6.2517542839, "tsne2": 4.4290308952}, "92": {"tsne1": -10.6256570816, "tsne2": 8.9061527252}, "93": {"tsne1": -8.8755607605, "tsne2": 8.9890537262}, "94": {"tsne1": 15.6461982727, "tsne2": -8.2013998032}, "95": {"tsne1": -6.5480918884, "tsne2": 9.6287193298}, "96": {"tsne1": 8.4477748871, "tsne2": -15.4711685181}, "97": {"tsne1": -10.0106220245, "tsne2": -0.2906473577}, "98": {"tsne1": -11.8210802078, "tsne2": -1.825470686}, "99": {"tsne1": 21.5716266632, "tsne2": -14.0087423325}, "100": {"tsne1": -6.0449714661, "tsne2": 9.6914634705}, "101": {"tsne1": -16.4738197327, "tsne2": 8.8427095413}, "102": {"tsne1": 6.2648935318, "tsne2": 3.8249967098}, "103": {"tsne1": 3.7666552067, "tsne2": -0.3014726043}, "104": {"tsne1": -10.3514862061, "tsne2": -1.156619668}, "105": {"tsne1": -9.8959760666, "tsne2": 9.5000743866}, "106": {"tsne1": 1.995860219, "tsne2": 0.9371161461}, "107": {"tsne1": 13.8387289047, "tsne2": -17.3824920654}, "108": {"tsne1": 20.7146892548, "tsne2": -9.16152668}, "109": {"tsne1": 9.0107021332, "tsne2": -17.6814422607}, "110": {"tsne1": -10.6334209442, "tsne2": 9.7031097412}, "111": {"tsne1": 18.2156238556, "tsne2": -15.3481636047}, "112": {"tsne1": -8.7703504562, "tsne2": 9.8956165314}, "113": {"tsne1": 15.775472641, "tsne2": -15.8143577576}, "114": {"tsne1": -11.7998409271, "tsne2": -2.0075554848}, "115": {"tsne1": -6.3515701294, "tsne2": 13.1015386581}, "116": {"tsne1": 1.0337227583, "tsne2": -4.0585012436}, "117": {"tsne1": 0.1619689316, "tsne2": 11.1397600174}, "118": {"tsne1": -2.9682946205, "tsne2": 10.4061174393}, "119": {"tsne1": 20.9871616364, "tsne2": -10.5210905075}, "120": {"tsne1": -11.3957042694, "tsne2": 10.0187520981}, "121": {"tsne1": -17.0149898529, "tsne2": 7.811668396}, "122": {"tsne1": 1.9860752821, "tsne2": 4.203458786}, "123": {"tsne1": -5.878988266, "tsne2": 10.2249011993}, "124": {"tsne1": 5.9876904488, "tsne2": 1.5813355446}, "125": {"tsne1": 5.9733867645, "tsne2": -16.7048110962}, "126": {"tsne1": 21.2778491974, "tsne2": -14.2782449722}, "127": {"tsne1": -9.5366201401, "tsne2": 10.546998024}, "128": {"tsne1": 9.0776119232, "tsne2": -17.6506233215}, "129": {"tsne1": -9.7678928375, "tsne2": -1.4377119541}, "130": {"tsne1": -12.8408603668, "tsne2": 10.3241214752}, "131": {"tsne1": 0.5211508274, "tsne2": -0.8283389211}, "132": {"tsne1": 14.5543060303, "tsne2": -18.9849300385}, "133": {"tsne1": 5.9004282951, "tsne2": 3.630427599}, "134": {"tsne1": -10.551366806, "tsne2": 10.6835613251}, "135": {"tsne1": 21.164855957, "tsne2": -15.2945814133}, "136": {"tsne1": -11.010632515, "tsne2": 10.9126367569}, "137": {"tsne1": 16.9118480682, "tsne2": -16.3810596466}, "138": {"tsne1": -12.475897789, "tsne2": 10.9191455841}, "139": {"tsne1": -9.5778150558, "tsne2": -2.6062455177}, "140": {"tsne1": -10.3765163422, "tsne2": 11.3842191696}, "141": {"tsne1": 8.0180635452, "tsne2": -14.8399095535}, "142": {"tsne1": 3.8900794983, "tsne2": 3.9616186619},